Chromosome,Position,rsIDs,Reference,Alternate,REVEL,Variant,AApos,HGVS Consequence,Protein Consequence,Transcript Consequence,VEP Annotation,ClinVar Clinical Significance,Allele Count,Allele Number,Allele Frequency,Homozygote Count,Hemizygote Count,Allele Count African/African-American,Allele Number African/African-American,Homozygote Count African/African-American,Hemizygote Count African/African-American,Allele Count Latino/Admixed American,Allele Number Latino/Admixed American,Homozygote Count Latino/Admixed American,Hemizygote Count Latino/Admixed American,Allele Count Ashkenazi Jewish,Allele Number Ashkenazi Jewish,Homozygote Count Ashkenazi Jewish,Hemizygote Count Ashkenazi Jewish,Allele Count East Asian,Allele Number East Asian,Homozygote Count East Asian,Hemizygote Count East Asian,Allele Count European (Finnish),Allele Number European (Finnish),Homozygote Count European (Finnish),Hemizygote Count European (Finnish),Allele Count European (non-Finnish),Allele Number European (non-Finnish),Homozygote Count European (non-Finnish),Hemizygote Count European (non-Finnish),Allele Count Other,Allele Number Other,Homozygote Count Other,Hemizygote Count Other,Allele Count South Asian,Allele Number South Asian,Homozygote Count South Asian,Hemizygote Count South Asian
4,90647783,rs781595227,G,A,0.412,A140V,140,p.Ala140Val,p.Ala140Val,c.419C>T,missense_variant,,1,250606,3.99E-06,0,0,0,16254,0,0,0,34542,0,0,0,10070,0,0,0,18362,0,0,0,21626,0,0,1,113026,0,0,0,6118,0,0,0,30608,0,0
4,90647789,rs746232417,G,T,0.519,P138H,138,p.Pro138His,p.Pro138His,c.413C>A,missense_variant,,2,250460,7.99E-06,0,0,0,16252,0,0,0,34540,0,0,0,10068,0,0,0,18366,0,0,1,21624,0,0,1,112882,0,0,0,6118,0,0,0,30610,0,0
4,90647793,rs918531737,C,T,0.404,E137K,137,p.Glu137Lys,p.Glu137Lys,c.409G>A,missense_variant,,1,250274,4.00E-06,0,0,0,16254,0,0,1,34540,0,0,0,10066,0,0,0,18364,0,0,0,21624,0,0,0,112698,0,0,0,6118,0,0,0,30610,0,0
4,90647800,,T,G,0.383,Q134H,134,p.Gln134His,p.Gln134His,c.402A>C,missense_variant,,1,250068,4.00E-06,0,0,0,16252,0,0,0,34540,0,0,0,10066,0,0,0,18368,0,0,0,21626,0,0,1,112488,0,0,0,6116,0,0,0,30612,0,0
4,90647804,rs377006107,T,C,0.26,Y133C,133,p.Tyr133Cys,p.Tyr133Cys,c.398A>G,missense_variant,,1,249856,4.00E-06,0,0,0,16254,0,0,0,34540,0,0,0,10064,0,0,0,18356,0,0,0,21614,0,0,1,112306,0,0,0,6110,0,0,0,30612,0,0
4,90647808,rs749526106,C,T,0.185,G132R,132,p.Gly132Arg,p.Gly132Arg,c.394G>A,missense_variant,,3,281070,1.07E-05,0,0,2,24968,0,0,1,35382,0,0,0,10352,0,0,0,19912,0,0,0,25084,0,0,0,127568,0,0,0,7196,0,0,0,30608,0,0
4,90650353,rs750899874,G,T,0.528,P128T,128,p.Pro128Thr,p.Pro128Thr,c.382C>A,missense_variant,Uncertain significance,3,251030,1.20E-05,0,0,0,16254,0,0,0,34556,0,0,0,10064,0,0,0,18390,0,0,0,21562,0,0,3,113472,0,0,0,6120,0,0,0,30612,0,0
4,90650354,rs191055637,C,T,0.492,M127I,127,p.Met127Ile,p.Met127Ile,c.381G>A,missense_variant,,21,282438,7.44E-05,0,0,0,24956,0,0,0,35404,0,0,0,10360,0,0,21,19948,0,0,0,25048,0,0,0,128902,0,0,0,7208,0,0,0,30612,0,0
4,90650365,rs1358566725,C,A,0.16,A124S,124,p.Ala124Ser,p.Ala124Ser,c.370G>T,missense_variant,,5,282490,1.77E-05,0,0,0,24962,0,0,0,35406,0,0,0,10366,0,0,0,19948,0,0,5,25042,0,0,0,128940,0,0,0,7212,0,0,0,30614,0,0
4,90650365,rs1358566725,C,T,0.2,A124T,124,p.Ala124Thr,p.Ala124Thr,c.370G>A,missense_variant,,2,251090,7.97E-06,0,0,0,16254,0,0,0,34558,0,0,0,10076,0,0,0,18388,0,0,0,21566,0,0,2,113510,0,0,0,6124,0,0,0,30614,0,0
4,90650367,rs1418816543,T,A,0.753,E123V,123,p.Glu123Val,p.Glu123Val,c.368A>T,missense_variant,,1,251088,3.98E-06,0,0,0,16254,0,0,0,34556,0,0,0,10076,0,0,0,18390,0,0,0,21568,0,0,1,113506,0,0,0,6124,0,0,0,30614,0,0
4,90650368,rs200056149,C,T,0.668,E123K,123,p.Glu123Lys,p.Glu123Lys,c.367G>A,missense_variant,,2,251090,7.97E-06,0,0,0,16252,0,0,1,34556,0,0,0,10076,0,0,0,18390,0,0,0,21562,0,0,0,113516,0,0,0,6124,0,0,1,30614,0,0
4,90650370,rs749476922,T,C,0.169,N122S,122,p.Asn122Ser,p.Asn122Ser,c.365A>G,missense_variant,,1,251090,3.98E-06,0,0,0,16252,0,0,0,34556,0,0,0,10076,0,0,1,18390,0,0,0,21562,0,0,0,113516,0,0,0,6124,0,0,0,30614,0,0
4,90650370,rs749476922,T,A,0.156,N122I,122,p.Asn122Ile,p.Asn122Ile,c.365A>T,missense_variant,,1,251090,3.98E-06,0,0,0,16252,0,0,1,34556,0,0,0,10076,0,0,0,18390,0,0,0,21562,0,0,0,113516,0,0,0,6124,0,0,0,30614,0,0
4,90650371,rs1261306303,T,C,0.197,N122D,122,p.Asn122Asp,p.Asn122Asp,c.364A>G,missense_variant,,1,31400,3.18E-05,0,0,0,8714,0,0,0,848,0,0,0,290,0,0,0,1560,0,0,0,3474,0,0,1,15426,0,0,0,1088,0,0,0,0,0,0
4,90650373,rs768838511,T,C,0.169,D121G,121,p.Asp121Gly,p.Asp121Gly,c.362A>G,missense_variant,,2,251088,7.97E-06,0,0,0,16252,0,0,2,34556,0,0,0,10076,0,0,0,18392,0,0,0,21570,0,0,0,113508,0,0,0,6124,0,0,0,30610,0,0
4,90650376,rs1024288001,G,A,0.433,P120L,120,p.Pro120Leu,p.Pro120Leu,c.359C>T,missense_variant,,2,251074,7.97E-06,0,0,0,16250,0,0,0,34552,0,0,0,10076,0,0,0,18390,0,0,0,21556,0,0,1,113518,0,0,1,6120,0,0,0,30612,0,0
4,90650377,rs779158137,G,T,0.429,P120T,120,p.Pro120Thr,p.Pro120Thr,c.358C>A,missense_variant,,1,251070,3.98E-06,0,0,0,16252,0,0,0,34552,0,0,0,10076,0,0,0,18390,0,0,0,21550,0,0,0,113518,0,0,1,6120,0,0,0,30612,0,0
4,90650379,rs1353659879,T,C,0.272,D119G,119,p.Asp119Gly,p.Asp119Gly,c.356A>G,missense_variant,,1,251068,3.98E-06,0,0,0,16252,0,0,0,34550,0,0,0,10076,0,0,0,18386,0,0,0,21550,0,0,1,113520,0,0,0,6122,0,0,0,30612,0,0
4,90650386,rs145138372,G,A,0.392,P117S,117,p.Pro117Ser,p.Pro117Ser,c.349C>T,missense_variant,,19,251054,7.57E-05,0,0,0,16252,0,0,0,34554,0,0,0,10078,0,0,19,18388,0,0,0,21528,0,0,0,113518,0,0,0,6124,0,0,0,30612,0,0
4,90650386,rs145138372,G,T,0.451,P117T,117,p.Pro117Thr,p.Pro117Thr,c.349C>A,missense_variant,Uncertain significance,13,282448,4.60E-05,0,0,2,24962,0,0,1,35402,0,0,0,10368,0,0,0,19946,0,0,0,25002,0,0,10,128946,0,0,0,7210,0,0,0,30612,0,0
4,90650387,rs868044896,C,T,0.301,M116I,116,p.Met116Ile,p.Met116Ile,c.348G>A,missense_variant,,1,31392,3.19E-05,0,0,0,8704,0,0,0,848,0,0,0,290,0,0,1,1560,0,0,0,3474,0,0,0,15428,0,0,0,1088,0,0,0,0,0,0
4,90650388,rs760548842,A,G,0.306,M116T,116,p.Met116Thr,p.Met116Thr,c.347T>C,missense_variant,,2,251084,7.97E-06,0,0,0,16252,0,0,1,34554,0,0,0,10076,0,0,0,18388,0,0,0,21550,0,0,1,113526,0,0,0,6126,0,0,0,30612,0,0
4,90650393,rs770804878,T,G,0.293,E114D,114,p.Glu114Asp,p.Glu114Asp,c.342A>C,missense_variant,,7,251050,2.79E-05,0,0,0,16250,0,0,0,34550,0,0,0,10078,0,0,0,18388,0,0,0,21520,0,0,7,113530,0,0,0,6124,0,0,0,30610,0,0
4,90650421,rs776535649,T,G,0.542,E105A,105,p.Glu105Ala,p.Glu105Ala,c.314A>C,missense_variant,,2,250582,7.98E-06,0,0,0,16220,0,0,0,34516,0,0,0,10078,0,0,0,18354,0,0,0,21280,0,0,2,113428,0,0,0,6114,0,0,0,30592,0,0
4,90650427,rs1439048770,T,C,0.246,N103S,103,p.Asn103Ser,p.Asn103Ser,c.308A>G,missense_variant,,2,250234,7.99E-06,0,0,0,16184,0,0,2,34502,0,0,0,10072,0,0,0,18332,0,0,0,21102,0,0,0,113356,0,0,0,6102,0,0,0,30584,0,0
4,90743399,rs1461467439,T,C,0.458,K102E,102,p.Lys102Glu,p.Lys102Glu,c.304A>G,missense_variant,,1,251442,3.98E-06,0,0,0,16256,0,0,0,34592,0,0,0,10080,0,0,0,18394,0,0,0,21646,0,0,1,113720,0,0,0,6138,0,0,0,30616,0,0
4,90743407,rs757477802,T,C,0.255,Q99R,99,p.Gln99Arg,p.Gln99Arg,c.296A>G,missense_variant,,3,251450,1.19E-05,0,0,0,16256,0,0,0,34592,0,0,0,10080,0,0,0,18394,0,0,0,21646,0,0,2,113728,0,0,1,6138,0,0,0,30616,0,0
4,90743408,rs1457882398,G,T,0.338,Q99K,99,p.Gln99Lys,p.Gln99Lys,c.295C>A,missense_variant,,1,31402,3.18E-05,0,0,0,8712,0,0,0,848,0,0,0,288,0,0,0,1558,0,0,0,3476,0,0,1,15432,0,0,0,1088,0,0,0,0,0,0
4,90743408,rs1457882398,G,C,0.299,Q99E,99,p.Gln99Glu,p.Gln99Glu,c.295C>G,missense_variant,,1,251448,3.98E-06,0,0,0,16256,0,0,0,34592,0,0,0,10080,0,0,0,18394,0,0,0,21648,0,0,1,113724,0,0,0,6138,0,0,0,30616,0,0
4,90743412,rs1289807114,C,G,0.711,K97N,97,p.Lys97Asn,p.Lys97Asn,c.291G>C,missense_variant,,1,251460,3.98E-06,0,0,0,16256,0,0,0,34592,0,0,0,10080,0,0,0,18394,0,0,0,21646,0,0,0,113738,0,0,0,6138,0,0,1,30616,0,0
4,90743416,rs548523899,T,C,0.285,K96R,96,p.Lys96Arg,p.Lys96Arg,c.287A>G,missense_variant,Benign,141,282858,0.000498483,3,0,0,24968,0,0,1,35440,0,0,0,10370,0,0,0,19950,0,0,0,25122,0,0,13,129168,0,0,5,7224,0,0,122,30616,3,0
4,90743416,rs548523899,T,A,0.645,K96I,96,p.Lys96Ile,p.Lys96Ile,c.287A>T,missense_variant,,1,251458,3.98E-06,0,0,0,16256,0,0,0,34592,0,0,0,10080,0,0,0,18394,0,0,0,21646,0,0,1,113738,0,0,0,6136,0,0,0,30616,0,0
4,90743431,rs745815563,G,T,0.865,A91D,91,p.Ala91Asp,p.Ala91Asp,c.272C>A,missense_variant,,1,251466,3.98E-06,0,0,0,16256,0,0,0,34592,0,0,0,10080,0,0,1,18394,0,0,0,21640,0,0,0,113754,0,0,0,6134,0,0,0,30616,0,0
4,90743432,rs769664191,C,T,0.537,A91T,91,p.Ala91Thr,p.Ala91Thr,c.271G>A,missense_variant,,2,251476,7.95E-06,0,0,0,16256,0,0,0,34592,0,0,0,10080,0,0,0,18394,0,0,0,21646,0,0,0,113756,0,0,0,6136,0,0,2,30616,0,0
4,90743458,rs1319839593,A,G,0.911,V82A,82,p.Val82Ala,p.Val82Ala,c.245T>C,missense_variant,,3,282840,1.06E-05,0,0,1,24964,0,0,0,35438,0,0,0,10370,0,0,0,19952,0,0,0,25116,0,0,1,129160,0,0,0,7226,0,0,1,30614,0,0
4,90743465,rs1261243630,T,C,0.69,K80E,80,p.Lys80Glu,p.Lys80Glu,c.238A>G,missense_variant,,1,251470,3.98E-06,0,0,1,16254,0,0,0,34590,0,0,0,10078,0,0,0,18394,0,0,0,21644,0,0,0,113756,0,0,0,6140,0,0,0,30614,0,0
4,90743485,rs1261963254,C,A,0.873,G73V,73,p.Gly73Val,p.Gly73Val,c.218G>T,missense_variant,,1,251466,3.98E-06,0,0,0,16256,0,0,1,34586,0,0,0,10080,0,0,0,18392,0,0,0,21646,0,0,0,113752,0,0,0,6138,0,0,0,30616,0,0
4,90743486,rs774113587,C,T,0.714,G73S,73,p.Gly73Ser,p.Gly73Ser,c.217G>A,missense_variant,,1,251448,3.98E-06,0,0,0,16254,0,0,0,34584,0,0,0,10080,0,0,0,18392,0,0,0,21642,0,0,0,113746,0,0,0,6138,0,0,1,30612,0,0
4,90743486,rs774113587,C,A,0.849,G73C,73,p.Gly73Cys,p.Gly73Cys,c.217G>T,missense_variant,,1,251448,3.98E-06,0,0,0,16254,0,0,1,34584,0,0,0,10080,0,0,0,18392,0,0,0,21642,0,0,0,113746,0,0,0,6138,0,0,0,30612,0,0
4,90743488,rs767026129,G,A,0.635,T72M,72,p.Thr72Met,p.Thr72Met,c.215C>T,missense_variant,,2,282798,7.07E-06,0,0,0,24968,0,0,0,35428,0,0,0,10366,0,0,0,19950,0,0,0,25112,0,0,1,129140,0,0,0,7222,0,0,1,30612,0,0
4,90743495,rs1342971994,C,T,0.454,V70M,70,p.Val70Met,p.Val70Met,c.208G>A,missense_variant,,1,31410,3.18E-05,0,0,1,8716,0,0,0,848,0,0,0,290,0,0,0,1560,0,0,0,3476,0,0,0,15434,0,0,0,1086,0,0,0,0,0,0
4,90743500,rs752981956,C,T,0.183,G68E,68,p.Gly68Glu,p.Gly68Glu,c.203G>A,missense_variant,,4,251432,1.59E-05,0,0,0,16254,0,0,0,34584,0,0,0,10078,0,0,0,18390,0,0,0,21642,0,0,4,113736,0,0,0,6138,0,0,0,30610,0,0
4,90743504,rs1418203843,C,T,0.83,G67R,67,p.Gly67Arg,p.Gly67Arg,c.199G>A,missense_variant,,1,251420,3.98E-06,0,0,0,16252,0,0,0,34584,0,0,0,10080,0,0,0,18392,0,0,0,21642,0,0,1,113722,0,0,0,6138,0,0,0,30610,0,0
4,90743537,rs751833438,C,T,0.78,A56T,56,p.Ala56Thr,p.Ala56Thr,c.166G>A,missense_variant,,2,251296,7.96E-06,0,0,2,16250,0,0,0,34576,0,0,0,10072,0,0,0,18394,0,0,0,21628,0,0,0,113642,0,0,0,6136,0,0,0,30598,0,0
4,90749297,rs374953392,T,C,0.667,T54A,54,p.Thr54Ala,p.Thr54Ala,c.160A>G,missense_variant,,1,251450,3.98E-06,0,0,1,16256,0,0,0,34592,0,0,0,10080,0,0,0,18392,0,0,0,21648,0,0,0,113732,0,0,0,6134,0,0,0,30616,0,0
4,90749299,rs542171324,G,C,0.538,A53G,53,p.Ala53Gly,p.Ala53Gly,c.158C>G,missense_variant,,1,251448,3.98E-06,0,0,0,16256,0,0,0,34592,0,0,0,10080,0,0,0,18392,0,0,0,21648,0,0,1,113730,0,0,0,6134,0,0,0,30616,0,0
4,90749299,rs542171324,G,A,0.536,A53V,53,p.Ala53Val,p.Ala53Val,c.158C>T,missense_variant,,2,251448,7.95E-06,0,0,0,16256,0,0,0,34592,0,0,0,10080,0,0,2,18392,0,0,0,21648,0,0,0,113730,0,0,0,6134,0,0,0,30616,0,0
4,90749302,rs1239518140,A,G,0.709,V52A,52,p.Val52Ala,p.Val52Ala,c.155T>C,missense_variant,,1,251448,3.98E-06,0,0,0,16256,0,0,0,34592,0,0,0,10080,0,0,0,18392,0,0,0,21648,0,0,1,113730,0,0,0,6134,0,0,0,30616,0,0
4,90749307,rs201106962,A,C,0.433,H50Q,50,p.His50Gln,p.His50Gln,c.150T>G,missense_variant,Uncertain significance,23,282808,8.13E-05,0,0,3,24968,0,0,0,35436,0,0,0,10370,0,0,0,19952,0,0,0,25092,0,0,19,129152,0,0,1,7222,0,0,0,30616,0,0
4,90749323,rs1030827990,T,C,0.29,K45R,45,p.Lys45Arg,p.Lys45Arg,c.134A>G,missense_variant,,1,251414,3.98E-06,0,0,0,16254,0,0,0,34588,0,0,0,10076,0,0,0,18390,0,0,0,21644,0,0,0,113712,0,0,0,6136,0,0,1,30614,0,0
4,90749335,rs750512067,C,T,0.86,G41D,41,p.Gly41Asp,p.Gly41Asp,c.122G>A,missense_variant,,2,251398,7.96E-06,0,0,0,16252,0,0,0,34578,0,0,0,10080,0,0,1,18388,0,0,1,21646,0,0,0,113708,0,0,0,6132,0,0,0,30614,0,0
4,90756701,rs1465127736,C,T,0.404,V40I,40,p.Val40Ile,p.Val40Ile,c.118G>A,missense_variant,,1,251480,3.98E-06,0,0,0,16256,0,0,0,34592,0,0,0,10080,0,0,1,18394,0,0,0,21648,0,0,0,113754,0,0,0,6140,0,0,0,30616,0,0
4,90756706,rs1165791954,A,G,0.878,L38P,38,p.Leu38Pro,p.Leu38Pro,c.113T>C,missense_variant,,1,251490,3.98E-06,0,0,0,16256,0,0,1,34592,0,0,0,10080,0,0,0,18394,0,0,0,21648,0,0,0,113764,0,0,0,6140,0,0,0,30616,0,0
4,90756710,rs750745088,C,A,0.861,V37F,37,p.Val37Phe,p.Val37Phe,c.109G>T,missense_variant,,1,251484,3.98E-06,0,0,0,16256,0,0,1,34592,0,0,0,10080,0,0,0,18394,0,0,0,21648,0,0,0,113758,0,0,0,6140,0,0,0,30616,0,0
4,90756710,rs750745088,C,T,0.619,V37I,37,p.Val37Ile,p.Val37Ile,c.109G>A,missense_variant,,1,251484,3.98E-06,0,0,0,16256,0,0,0,34592,0,0,0,10080,0,0,0,18394,0,0,0,21648,0,0,0,113758,0,0,0,6140,0,0,1,30616,0,0
4,90756719,rs1330229174,T,C,0.859,K34E,34,p.Lys34Glu,p.Lys34Glu,c.100A>G,missense_variant,Uncertain significance,1,251494,3.98E-06,0,0,0,16256,0,0,1,34592,0,0,0,10080,0,0,0,18394,0,0,0,21648,0,0,0,113768,0,0,0,6140,0,0,0,30616,0,0
4,90756743,rs753674628,C,T,0.595,V26M,26,p.Val26Met,p.Val26Met,c.76G>A,missense_variant,,2,251492,7.95E-06,0,0,0,16256,0,0,0,34592,0,0,0,10080,0,0,1,18394,0,0,0,21646,0,0,1,113768,0,0,0,6140,0,0,0,30616,0,0
4,90756754,rs1273319141,G,A,0.87,T22I,22,p.Thr22Ile,p.Thr22Ile,c.65C>T,missense_variant,,1,251468,3.98E-06,0,0,0,16256,0,0,0,34592,0,0,0,10080,0,0,0,18394,0,0,0,21630,0,0,1,113760,0,0,0,6140,0,0,0,30616,0,0
4,90756772,rs1289802008,A,G,0.547,V16A,16,p.Val16Ala,p.Val16Ala,c.47T>C,missense_variant,Uncertain significance,1,251492,3.98E-06,0,0,0,16256,0,0,0,34592,0,0,0,10080,0,0,0,18394,0,0,0,21648,0,0,0,113766,0,0,0,6140,0,0,1,30616,0,0
4,90756788,rs1219278381,C,A,0.784,A11S,11,p.Ala11Ser,p.Ala11Ser,c.31G>T,missense_variant,,1,251494,3.98E-06,0,0,0,16256,0,0,0,34592,0,0,0,10080,0,0,0,18394,0,0,0,21646,0,0,1,113770,0,0,0,6140,0,0,0,30616,0,0
4,90756797,rs1477642198,G,A,0.212,L8F,8,p.Leu8Phe,p.Leu8Phe,c.22C>T,missense_variant,,1,251496,3.98E-06,0,0,1,16256,0,0,0,34592,0,0,0,10080,0,0,0,18394,0,0,0,21648,0,0,0,113770,0,0,0,6140,0,0,0,30616,0,0
4,90756801,rs1188720061,T,G,0.627,K6N,6,p.Lys6Asn,p.Lys6Asn,c.18A>C,missense_variant,,1,251494,3.98E-06,0,0,0,16256,0,0,0,34592,0,0,0,10080,0,0,0,18394,0,0,1,21646,0,0,0,113770,0,0,0,6140,0,0,0,30616,0,0
4,90756807,rs777339905,G,T,0.409,F4L,4,p.Phe4Leu,p.Phe4Leu,c.12C>A,missense_variant,,4,282894,1.41E-05,0,0,0,24970,0,0,0,35440,0,0,0,10370,0,0,0,19954,0,0,4,25118,0,0,0,129198,0,0,0,7228,0,0,0,30616,0,0
4,90756812,rs770296707,C,T,0.347,V3I,3,p.Val3Ile,p.Val3Ile,c.7G>A,missense_variant,,1,251488,3.98E-06,0,0,0,16256,0,0,0,34592,0,0,0,10080,0,0,0,18394,0,0,0,21642,0,0,0,113770,0,0,0,6138,0,0,1,30616,0,0